{
  "results": [
    {
      "command": "./distances -t1",
      "mean": 11.279189092020001,
      "stddev": 0.36002335635041577,
      "median": 11.28919201942,
      "user": 11.238210419999998,
      "system": 0.0049699079999999994,
      "min": 10.78083860542,
      "max": 12.15703296642,
      "times": [
        11.027883767419999,
        11.31503585242,
        11.02203232742,
        11.27662960542,
        11.30175443342,
        12.15703296642,
        11.32085401442,
        11.37939254542,
        10.78083860542,
        11.21043680242
      ],
      "exit_codes": [
        0,
        0,
        0,
        0,
        0,
        0,
        0,
        0,
        0,
        0
      ]
    }
  ]
}
